id,link
1,https://myanimelist.net/anime/5114/Fullmetal_Alchemist__Brotherhood
2,https://myanimelist.net/anime/43608/Kaguya-sama_wa_Kokurasetai__Ultra_Romantic
3,https://myanimelist.net/anime/28977/Gintama°
4,https://myanimelist.net/anime/9253/Steins_Gate
5,https://myanimelist.net/anime/38524/Shingeki_no_Kyojin_Season_3_Part_2
6,https://myanimelist.net/anime/9969/Gintama
7,https://myanimelist.net/anime/39486/Gintama__The_Final
8,https://myanimelist.net/anime/15417/Gintama__Enchousen
9,https://myanimelist.net/anime/11061/Hunter_x_Hunter_2011
10,https://myanimelist.net/anime/820/Ginga_Eiyuu_Densetsu
11,https://myanimelist.net/anime/42938/Fruits_Basket__The_Final
12,https://myanimelist.net/anime/34096/Gintama
13,https://myanimelist.net/anime/35180/3-gatsu_no_Lion_2nd_Season
14,https://myanimelist.net/anime/918/Gintama
15,https://myanimelist.net/anime/28851/Koe_no_Katachi
16,https://myanimelist.net/anime/4181/Clannad__After_Story
17,https://myanimelist.net/anime/37987/Violet_Evergarden_Movie
18,https://myanimelist.net/anime/15335/Gintama_Movie_2__Kanketsu-hen_-_Yorozuya_yo_Eien_Nare
19,https://myanimelist.net/anime/2904/Code_Geass__Hangyaku_no_Lelouch_R2
20,https://myanimelist.net/anime/37491/Gintama__Shirogane_no_Tamashii-hen_-_Kouhan-sen
21,https://myanimelist.net/anime/35247/Owarimonogatari_2nd_Season
22,https://myanimelist.net/anime/32281/Kimi_no_Na_wa
23,https://myanimelist.net/anime/47778/Kimetsu_no_Yaiba__Yuukaku-hen
24,https://myanimelist.net/anime/19/Monster
25,https://myanimelist.net/anime/41084/Made_in_Abyss__Retsujitsu_no_Ougonkyou
26,https://myanimelist.net/anime/40028/Shingeki_no_Kyojin__The_Final_Season
27,https://myanimelist.net/anime/50160/Kingdom_4th_Season
28,https://myanimelist.net/anime/36838/Gintama__Shirogane_no_Tamashii-hen
29,https://myanimelist.net/anime/40682/Kingdom_3rd_Season
30,https://myanimelist.net/anime/37510/Mob_Psycho_100_II
31,https://myanimelist.net/anime/48583/Shingeki_no_Kyojin__The_Final_Season_Part_2
32,https://myanimelist.net/anime/31758/Kizumonogatari_III__Reiketsu-hen
33,https://myanimelist.net/anime/32935/Haikyuu__Karasuno_Koukou_vs_Shiratorizawa_Gakuen_Koukou
34,https://myanimelist.net/anime/199/Sen_to_Chihiro_no_Kamikakushi
35,https://myanimelist.net/anime/44074/Shiguang_Dailiren
36,https://myanimelist.net/anime/17074/Monogatari_Series__Second_Season
37,https://myanimelist.net/anime/42310/Cyberpunk__Edgerunners
38,https://myanimelist.net/anime/50265/Spy_x_Family
39,https://myanimelist.net/anime/1/Cowboy_Bebop
40,https://myanimelist.net/anime/263/Hajime_no_Ippo
41,https://myanimelist.net/anime/24701/Mushishi_Zoku_Shou_2nd_Season
42,https://myanimelist.net/anime/33095/Shouwa_Genroku_Rakugo_Shinjuu__Sukeroku_Futatabi-hen
43,https://myanimelist.net/anime/37521/Vinland_Saga
44,https://myanimelist.net/anime/45576/Mushoku_Tensei__Isekai_Ittara_Honki_Dasu_Part_2
45,https://myanimelist.net/anime/46102/Odd_Taxi
46,https://myanimelist.net/anime/44/Rurouni_Kenshin__Meiji_Kenkaku_Romantan_-_Tsuioku-hen
47,https://myanimelist.net/anime/48569/86_Part_2
48,https://myanimelist.net/anime/2921/Ashita_no_Joe_2
49,https://myanimelist.net/anime/1575/Code_Geass__Hangyaku_no_Lelouch
50,https://myanimelist.net/anime/33050/Fate_stay_night_Movie__Heavens_Feel_-_III_Spring_Song
51,https://myanimelist.net/anime/21939/Mushishi_Zoku_Shou
52,https://myanimelist.net/anime/245/Great_Teacher_Onizuka
53,https://myanimelist.net/anime/40748/Jujutsu_Kaisen
54,https://myanimelist.net/anime/34599/Made_in_Abyss
55,https://myanimelist.net/anime/40434/Mo_Dao_Zu_Shi__Wanjie_Pian
56,https://myanimelist.net/anime/164/Mononoke_Hime
57,https://myanimelist.net/anime/457/Mushishi
58,https://myanimelist.net/anime/21/One_Piece
59,https://myanimelist.net/anime/33352/Violet_Evergarden
60,https://myanimelist.net/anime/23273/Shigatsu_wa_Kimi_no_Uso
61,https://myanimelist.net/anime/5258/Hajime_no_Ippo__New_Challenger
62,https://myanimelist.net/anime/431/Howl_no_Ugoku_Shiro
63,https://myanimelist.net/anime/40591/Kaguya-sama_wa_Kokurasetai_Tensai-tachi_no_Renai_Zunousen
64,https://myanimelist.net/anime/40456/Kimetsu_no_Yaiba_Movie__Mugen_Ressha-hen
65,https://myanimelist.net/anime/36862/Made_in_Abyss_Movie_3__Fukaki_Tamashii_no_Reimei
66,https://myanimelist.net/anime/11665/Natsume_Yuujinchou_Shi
67,https://myanimelist.net/anime/28891/Haikyuu_Second_Season
68,https://myanimelist.net/anime/3786/Evangelion__30_10_Thrice_Upon_a_Time
69,https://myanimelist.net/anime/34591/Natsume_Yuujinchou_Roku
70,https://myanimelist.net/anime/2001/Tengen_Toppa_Gurren_Lagann
71,https://myanimelist.net/anime/22135/Ping_Pong_the_Animation
72,https://myanimelist.net/anime/35760/Shingeki_no_Kyojin_Season_3
73,https://myanimelist.net/anime/1535/Death_Note
74,https://myanimelist.net/anime/38329/Seishun_Buta_Yarou_wa_Yumemiru_Shoujo_no_Yume_wo_Minai
75,https://myanimelist.net/anime/7311/Suzumiya_Haruhi_no_Shoushitsu
76,https://myanimelist.net/anime/28957/Mushishi_Zoku_Shou__Suzu_no_Shizuku
77,https://myanimelist.net/anime/12355/Ookami_Kodomo_no_Ame_to_Yuki
78,https://myanimelist.net/anime/40834/Ousama_Ranking
79,https://myanimelist.net/anime/19647/Hajime_no_Ippo__Rising
80,https://myanimelist.net/anime/37991/JoJo_no_Kimyou_na_Bouken_Part_5__Ougon_no_Kaze
81,https://myanimelist.net/anime/31757/Kizumonogatari_II__Nekketsu-hen
82,https://myanimelist.net/anime/10379/Natsume_Yuujinchou_San
83,https://myanimelist.net/anime/28735/Shouwa_Genroku_Rakugo_Shinjuu
84,https://myanimelist.net/anime/32983/Natsume_Yuujinchou_Go
85,https://myanimelist.net/anime/4565/Tengen_Toppa_Gurren_Lagann_Movie_2__Lagann-hen
86,https://myanimelist.net/anime/7785/Yojouhan_Shinwa_Taikei
87,https://myanimelist.net/anime/11741/Fate_Zero_2nd_Season
88,https://myanimelist.net/anime/40417/Fruits_Basket_2nd_Season
89,https://myanimelist.net/anime/36098/Kimi_no_Suizou_wo_Tabetai
90,https://myanimelist.net/anime/5300/Zoku_Natsume_Yuujinchou
91,https://myanimelist.net/anime/32/Neon_Genesis_Evangelion__The_End_of_Evangelion
92,https://myanimelist.net/anime/40664/Shoujo☆Kageki_Revue_Starlight_Movie
93,https://myanimelist.net/anime/21329/Mushishi__Hihamukage
94,https://myanimelist.net/anime/170/Slam_Dunk
95,https://myanimelist.net/anime/12365/Bakuman_3rd_Season
96,https://myanimelist.net/anime/40776/Haikyuu_To_the_Top_Part_2
97,https://myanimelist.net/anime/33/Kenpuu_Denki_Berserk
98,https://myanimelist.net/anime/4282/Kara_no_Kyoukai_Movie_5__Mujun_Rasen
99,https://myanimelist.net/anime/38000/Kimetsu_no_Yaiba
100,https://myanimelist.net/anime/437/Perfect_Blue
101,https://myanimelist.net/anime/16498/Shingeki_no_Kyojin
102,https://myanimelist.net/anime/35839/Sora_yori_mo_Tooi_Basho
103,https://myanimelist.net/anime/37779/Yakusoku_no_Neverland
104,https://myanimelist.net/anime/38474/Yuru_Camp△_Season_2
105,https://myanimelist.net/anime/33049/Fate_stay_night_Movie__Heavens_Feel_-_II_Lost_Butterfly
106,https://myanimelist.net/anime/7472/Gintama_Movie_1__Shinyaku_Benizakura-hen
107,https://myanimelist.net/anime/35843/Gintama__Porori-hen
108,https://myanimelist.net/anime/801/Koukaku_Kidoutai__Stand_Alone_Complex_2nd_GIG
109,https://myanimelist.net/anime/877/Nana
110,https://myanimelist.net/anime/30484/Steins_Gate_0
111,https://myanimelist.net/anime/30276/One_Punch_Man
112,https://myanimelist.net/anime/48561/Jujutsu_Kaisen_0_Movie
113,https://myanimelist.net/anime/30654/Ansatsu_Kyoushitsu_2nd_Season
114,https://myanimelist.net/anime/36649/Banana_Fish
115,https://myanimelist.net/anime/578/Hotaru_no_Haka
116,https://myanimelist.net/anime/31933/JoJo_no_Kimyou_na_Bouken_Part_4__Diamond_wa_Kudakenai
117,https://myanimelist.net/anime/205/Samurai_Champloo
118,https://myanimelist.net/anime/25777/Shingeki_no_Kyojin_Season_2
119,https://myanimelist.net/anime/47194/Summertime_Render
120,https://myanimelist.net/anime/12431/Uchuu_Kyoudai
121,https://myanimelist.net/anime/6114/Rainbow__Nisha_Rokubou_no_Shichinin
122,https://myanimelist.net/anime/44070/Tian_Guan_Ci_Fu_Special
123,https://myanimelist.net/anime/3297/Aria_the_Origination
124,https://myanimelist.net/anime/49310/Fruits_Basket__Prelude
125,https://myanimelist.net/anime/32182/Mob_Psycho_100
126,https://myanimelist.net/anime/11981/Mahou_Shoujo_Madoka★Magica_Movie_3__Hangyaku_no_Monogatari
127,https://myanimelist.net/anime/42203/Re_Zero_kara_Hajimeru_Isekai_Seikatsu_2nd_Season_Part_2
128,https://myanimelist.net/anime/37379/Chihayafuru_3
129,https://myanimelist.net/anime/44087/Gintama__The_Semi-Final
130,https://myanimelist.net/anime/49721/Karakai_Jouzu_no_Takagi-san_3
131,https://myanimelist.net/anime/38040/Kono_Subarashii_Sekai_ni_Shukufuku_wo_Movie__Kurenai_Densetsu
132,https://myanimelist.net/anime/36999/Zoku_Owarimonogatari
133,https://myanimelist.net/anime/37208/Mo_Dao_Zu_Shi
134,https://myanimelist.net/anime/10165/Nichijou
135,https://myanimelist.net/anime/11577/Steins_Gate_Movie__Fuka_Ryouiki_no_Déjà_vu
136,https://myanimelist.net/anime/38450/Mo_Dao_Zu_Shi__Xian_Yun_Pian
137,https://myanimelist.net/anime/31181/Owarimonogatari
138,https://myanimelist.net/anime/40059/Golden_Kamuy_3rd_Season
139,https://myanimelist.net/anime/20583/Haikyuu
140,https://myanimelist.net/anime/392/Yuu☆Yuu☆Hakusho
141,https://myanimelist.net/anime/24687/Mushishi_Zoku_Shou__Odoro_no_Michi
142,https://myanimelist.net/anime/36885/Saenai_Heroine_no_Sodatekata_Fine
143,https://myanimelist.net/anime/45556/Wu_Liuqi_Zhi_Xuanwu_Guo_Pian
144,https://myanimelist.net/anime/26055/JoJo_no_Kimyou_na_Bouken_Part_3__Stardust_Crusaders_2nd_Season
145,https://myanimelist.net/anime/40787/Josee_to_Tora_to_Sakana-tachi
146,https://myanimelist.net/anime/21899/Gintama__Yorinuki_Gintama-san_on_Theater_2D
147,https://myanimelist.net/anime/37105/Grand_Blue
148,https://myanimelist.net/anime/38889/Kono_Oto_Tomare_Part_2
149,https://myanimelist.net/anime/467/Koukaku_Kidoutai__Stand_Alone_Complex
150,https://myanimelist.net/anime/2246/Mononoke
151,https://myanimelist.net/anime/34612/Saiki_Kusuo_no_Ψ-nan_2
152,https://myanimelist.net/anime/46095/Vivy__Fluorite_Eyes_Song
153,https://myanimelist.net/anime/33255/Saiki_Kusuo_no_Ψ-nan
154,https://myanimelist.net/anime/5028/Major_S5
155,https://myanimelist.net/anime/36538/Natsume_Yuujinchou_Movie__Utsusemi_ni_Musubu
156,https://myanimelist.net/anime/35851/Sayonara_no_Asa_ni_Yakusoku_no_Hana_wo_Kazarou
157,https://myanimelist.net/anime/25781/Shingeki_no_Kyojin__Kuinaki_Sentaku
158,https://myanimelist.net/anime/39741/Violet_Evergarden_Gaiden__Eien_to_Jidou_Shuki_Ningyou
159,https://myanimelist.net/anime/37999/Kaguya-sama_wa_Kokurasetai__Tensai-tachi_no_Renai_Zunousen
160,https://myanimelist.net/anime/32366/Gintama°__Aizome_Kaori-hen
161,https://myanimelist.net/anime/35557/Houseki_no_Kuni
162,https://myanimelist.net/anime/136/Hunter_x_Hunter
163,https://myanimelist.net/anime/5205/Kara_no_Kyoukai_Movie_7__Satsujin_Kousatsu_Go
164,https://myanimelist.net/anime/37965/Kaze_ga_Tsuyoku_Fuiteiru
165,https://myanimelist.net/anime/39551/Tensei_shitara_Slime_Datta_Ken_2nd_Season
166,https://myanimelist.net/anime/40730/Tian_Guan_Ci_Fu
167,https://myanimelist.net/anime/36275/Natsume_Yuujinchou_Roku_Specials
168,https://myanimelist.net/anime/39808/Non_Non_Biyori_Nonstop
169,https://myanimelist.net/anime/48653/Yoru_ni_Kakeru
170,https://myanimelist.net/anime/31646/3-gatsu_no_Lion
171,https://myanimelist.net/anime/22789/Barakamon
172,https://myanimelist.net/anime/14397/Chihayafuru_2
173,https://myanimelist.net/anime/5941/Cross_Game
174,https://myanimelist.net/anime/30709/Kamisama_Hajimemashita__Kako-hen
175,https://myanimelist.net/anime/2251/Baccano
176,https://myanimelist.net/anime/5/Cowboy_Bebop__Tengoku_no_Tobira
177,https://myanimelist.net/anime/50612/Dr_Stone__Ryuusui
178,https://myanimelist.net/anime/41025/Fumetsu_no_Anata_e
179,https://myanimelist.net/anime/49926/Kimetsu_no_Yaiba__Mugen_Ressha-hen
180,https://myanimelist.net/anime/39535/Mushoku_Tensei__Isekai_Ittara_Honki_Dasu
181,https://myanimelist.net/anime/11979/Mahou_Shoujo_Madoka★Magica_Movie_2__Eien_no_Monogatari
182,https://myanimelist.net/anime/10162/Usagi_Drop
183,https://myanimelist.net/anime/39547/Yahari_Ore_no_Seishun_Love_Comedy_wa_Machigatteiru_Kan
184,https://myanimelist.net/anime/9260/Kizumonogatari_I__Tekketsu-hen
185,https://myanimelist.net/anime/10030/Bakuman_2nd_Season
186,https://myanimelist.net/anime/38883/Haikyuu_To_the_Top
187,https://myanimelist.net/anime/777/Hellsing_Ultimate
188,https://myanimelist.net/anime/572/Kaze_no_Tani_no_Nausicaä
189,https://myanimelist.net/anime/37515/Made_in_Abyss_Movie_2__Hourou_Suru_Tasogare
190,https://myanimelist.net/anime/9756/Mahou_Shoujo_Madoka★Magica
191,https://myanimelist.net/anime/39587/Re_Zero_kara_Hajimeru_Isekai_Seikatsu_2nd_Season
192,https://myanimelist.net/anime/13601/Psycho-Pass
193,https://myanimelist.net/anime/6945/Gintama__Shiroyasha_Koutan
194,https://myanimelist.net/anime/9617/K-On_Movie
195,https://myanimelist.net/anime/22535/Kiseijuu__Sei_no_Kakuritsu
196,https://myanimelist.net/anime/39247/Kobayashi-san_Chi_no_Maid_Dragon_S
197,https://myanimelist.net/anime/5081/Bakemonogatari
198,https://myanimelist.net/anime/39533/Given
199,https://myanimelist.net/anime/42984/Gotcha
200,https://myanimelist.net/anime/17389/Kingdom_2nd_Season
201,https://myanimelist.net/anime/50709/Lycoris_Recoil
202,https://myanimelist.net/anime/30/Neon_Genesis_Evangelion
203,https://myanimelist.net/anime/5040/One_Outs
204,https://myanimelist.net/anime/7655/Major_S6
205,https://myanimelist.net/anime/10937/Mobile_Suit_Gundam__The_Origin
206,https://myanimelist.net/anime/20651/Natsume_Yuujinchou__Itsuka_Yuki_no_Hi_ni
207,https://myanimelist.net/anime/2559/Romeo_no_Aoi_Sora
208,https://myanimelist.net/anime/12029/Uchuu_Senkan_Yamato_2199
209,https://myanimelist.net/anime/338/Versailles_no_Bara
210,https://myanimelist.net/anime/4081/Natsume_Yuujinchou
211,https://myanimelist.net/anime/34534/Natsume_Yuujinchou_Go_Specials
212,https://myanimelist.net/anime/1210/NHK_ni_Youkoso
213,https://myanimelist.net/anime/5341/Ookami_to_Koushinryou_II
214,https://myanimelist.net/anime/12531/Sakamichi_no_Apollon
215,https://myanimelist.net/anime/41487/Tensei_shitara_Slime_Datta_Ken_2nd_Season_Part_2
216,https://myanimelist.net/anime/37095/Violet_Evergarden__Kitto_Ai_wo_Shiru_Hi_ga_Kuru_no_Darou
217,https://myanimelist.net/anime/9989/Ano_Hi_Mita_Hana_no_Namae_wo_Bokutachi_wa_Mada_Shiranai
218,https://myanimelist.net/anime/49052/Ao_Ashi
219,https://myanimelist.net/anime/49701/Doupo_Cangqiong__San_Nian_Zhi_Yue
220,https://myanimelist.net/anime/28701/Fate_stay_night__Unlimited_Blade_Works_2nd_Season
221,https://myanimelist.net/anime/44042/Holo_no_Graffiti
222,https://myanimelist.net/anime/185/Initial_D_First_Stage
223,https://myanimelist.net/anime/6594/Katanagatari
224,https://myanimelist.net/anime/39112/Kawaki_wo_Ameku
225,https://myanimelist.net/anime/5420/Kemono_no_Souja_Erin
226,https://myanimelist.net/anime/31043/Boku_dake_ga_Inai_Machi
227,https://myanimelist.net/anime/3784/Evangelion__20_You_Can_Not_Advance
228,https://myanimelist.net/anime/137/Hunter_x_Hunter__Original_Video_Animation
229,https://myanimelist.net/anime/24415/Kuroko_no_Basket_3rd_Season
230,https://myanimelist.net/anime/34240/Shelter_Music
231,https://myanimelist.net/anime/48736/Sono_Bisque_Doll_wa_Koi_wo_Suru
232,https://myanimelist.net/anime/38826/Tenki_no_Ko
233,https://myanimelist.net/anime/11917/Major__World_Series
234,https://myanimelist.net/anime/13125/Shinsekai_yori
235,https://myanimelist.net/anime/10863/Steins_Gate__Oukoubakko_no_Poriomania
236,https://myanimelist.net/anime/44940/World_Trigger_3rd_Season
237,https://myanimelist.net/anime/1365/Detective_Conan_Movie_06__The_Phantom_of_Baker_Street
238,https://myanimelist.net/anime/30230/Diamond_no_Ace__Second_Season
239,https://myanimelist.net/anime/30346/Doukyuusei_Movie
240,https://myanimelist.net/anime/31988/Hibike_Euphonium_2
241,https://myanimelist.net/anime/10408/Hotarubi_no_Mori_e
242,https://myanimelist.net/anime/2402/Ashita_no_Joe
243,https://myanimelist.net/anime/57/Beck
244,https://myanimelist.net/anime/38691/Dr_Stone
245,https://myanimelist.net/anime/10087/Fate_Zero
246,https://myanimelist.net/anime/9735/Gintama__Shinyaku_Benizakura-hen
247,https://myanimelist.net/anime/48661/JoJo_no_Kimyou_na_Bouken_Part_6__Stone_Ocean
248,https://myanimelist.net/anime/486/Kino_no_Tabi__The_Beautiful_World
249,https://myanimelist.net/anime/49909/Kotarou_wa_Hitorigurashi
250,https://myanimelist.net/anime/45/Rurouni_Kenshin__Meiji_Kenkaku_Romantan
251,https://myanimelist.net/anime/25835/Shirobako
252,https://myanimelist.net/anime/1698/Nodame_Cantabile
253,https://myanimelist.net/anime/6675/Redline
254,https://myanimelist.net/anime/759/Tokyo_Godfathers
255,https://myanimelist.net/anime/2685/Tsubasa__Tokyo_Revelations
256,https://myanimelist.net/anime/19363/Gin_no_Saji_2nd_Season
257,https://myanimelist.net/anime/3002/Gyakkyou_Burai_Kaiji__Ultimate_Survivor
258,https://myanimelist.net/anime/28805/Bakemono_no_Ko
259,https://myanimelist.net/anime/264/Hajime_no_Ippo__Champion_Road
260,https://myanimelist.net/anime/32937/Kono_Subarashii_Sekai_ni_Shukufuku_wo_2
261,https://myanimelist.net/anime/43/Koukaku_Kidoutai
262,https://myanimelist.net/anime/329/Planetes
263,https://myanimelist.net/anime/2418/Stranger__Mukou_Hadan
264,https://myanimelist.net/anime/34798/Yuru_Camp△
265,https://myanimelist.net/anime/41457/86
266,https://myanimelist.net/anime/38731/Diamond_no_Ace__Act_II
267,https://myanimelist.net/anime/42886/Ginga_Eiyuu_Densetsu__Die_Neue_These_-_Gekitotsu
268,https://myanimelist.net/anime/139/Hunter_x_Hunter__Greed_Island_Final
269,https://myanimelist.net/anime/22507/Initial_D_Final_Stage
270,https://myanimelist.net/anime/37450/Seishun_Buta_Yarou_wa_Bunny_Girl_Senpai_no_Yume_wo_Minai
271,https://myanimelist.net/anime/23327/Space☆Dandy_2nd_Season
272,https://myanimelist.net/anime/513/Tenkuu_no_Shiro_Laputa
273,https://myanimelist.net/anime/523/Tonari_no_Totoro
274,https://myanimelist.net/anime/1735/Naruto__Shippuuden
275,https://myanimelist.net/anime/36990/Non_Non_Biyori_Movie__Vacation
276,https://myanimelist.net/anime/44055/Sasaki_to_Miyano
277,https://myanimelist.net/anime/1033/Sennen_Joyuu
278,https://myanimelist.net/anime/32188/Steins_Gate__Kyoukaimenjou_no_Missing_Link_-_Divide_By_Zero
279,https://myanimelist.net/anime/40784/Wu_Liuqi_Zhi_Zui_Qiang_Fa_Xing_Shi
280,https://myanimelist.net/anime/43325/Yuukoku_no_Moriarty_Part_2
281,https://myanimelist.net/anime/40052/Great_Pretender
282,https://myanimelist.net/anime/10271/Gyakkyou_Burai_Kaiji__Hakairoku-hen
283,https://myanimelist.net/anime/31812/Kuroshitsuji_Movie__Book_of_the_Atlantic
284,https://myanimelist.net/anime/11843/Danshi_Koukousei_no_Nichijou
285,https://myanimelist.net/anime/34036/Detective_Conan__Episode_One_-_The_Great_Detective_Turned_Small
286,https://myanimelist.net/anime/37520/Dororo
287,https://myanimelist.net/anime/36371/Ginga_Eiyuu_Densetsu__Die_Neue_These_-_Seiran_3
288,https://myanimelist.net/anime/5690/Nodame_Cantabile__Finale
289,https://myanimelist.net/anime/38234/One_Piece_Movie_14__Stampede
290,https://myanimelist.net/anime/50380/Paripi_Koumei
291,https://myanimelist.net/anime/31240/Re_Zero_kara_Hajimeru_Isekai_Seikatsu
292,https://myanimelist.net/anime/37055/Youjo_Senki_Movie
293,https://myanimelist.net/anime/37989/Golden_Kamuy_2nd_Season
294,https://myanimelist.net/anime/265/Hajime_no_Ippo__Mashiba_vs_Kimura
295,https://myanimelist.net/anime/51367/JoJo_no_Kimyou_na_Bouken_Part_6__Stone_Ocean_Part_2
296,https://myanimelist.net/anime/16894/Kuroko_no_Basket_2nd_Season
297,https://myanimelist.net/anime/18115/Magi__The_Kingdom_of_Magic
298,https://myanimelist.net/anime/1842/Major_S3
299,https://myanimelist.net/anime/33051/Mobile_Suit_Gundam__Iron-Blooded_Orphans_2nd_Season
300,https://myanimelist.net/anime/2966/Ookami_to_Koushinryou
301,https://myanimelist.net/anime/37078/Quanzhi_Gaoshou_Specials
302,https://myanimelist.net/anime/40211/Luo_Xiao_Hei_Zhan_Ji_Movie
303,https://myanimelist.net/anime/11977/Mahou_Shoujo_Madoka★Magica_Movie_1__Hajimari_no_Monogatari
304,https://myanimelist.net/anime/512/Majo_no_Takkyuubin
305,https://myanimelist.net/anime/627/Major_S1
306,https://myanimelist.net/anime/585/Mimi_wo_Sumaseba
307,https://myanimelist.net/anime/48895/Overlord_IV
308,https://myanimelist.net/anime/9863/SKET_Dance
309,https://myanimelist.net/anime/6/Trigun
310,https://myanimelist.net/anime/3091/xxxHOLiC__Kei
311,https://myanimelist.net/anime/23847/Yahari_Ore_no_Seishun_Love_Comedy_wa_Machigatteiru_Zoku
312,https://myanimelist.net/anime/38003/Bungou_Stray_Dogs_3rd_Season
313,https://myanimelist.net/anime/5460/Detective_Conan_Movie_13__The_Raven_Chaser
314,https://myanimelist.net/anime/38680/Fruits_Basket_1st_Season
315,https://myanimelist.net/anime/15227/Kono_Sekai_no_Katasumi_ni
316,https://myanimelist.net/anime/1142/Hachimitsu_to_Clover_II
317,https://myanimelist.net/anime/16664/Kaguya-hime_no_Monogatari
318,https://myanimelist.net/anime/33674/No_Game_No_Life__Zero
319,https://myanimelist.net/anime/40729/Nomad__Megalo_Box_2
320,https://myanimelist.net/anime/35466/ReLIFE__Kanketsu-hen
321,https://myanimelist.net/anime/38249/Saiki_Kusuo_no_Ψ-nan__Kanketsu-hen
322,https://myanimelist.net/anime/49114/Vanitas_no_Karte_Part_2
323,https://myanimelist.net/anime/558/Major_S2
324,https://myanimelist.net/anime/3226/Major_S4
325,https://myanimelist.net/anime/35838/Shoujo_Shuumatsu_Ryokou
326,https://myanimelist.net/anime/40853/Stand_By_Me_Doraemon_2
327,https://myanimelist.net/anime/2150/Tanoshii_Muumin_Ikka
328,https://myanimelist.net/anime/6864/xxxHOLiC__Rou
329,https://myanimelist.net/anime/12115/Berserk__Ougon_Jidai-hen_III_-_Kourin
330,https://myanimelist.net/anime/32867/Bungou_Stray_Dogs_2nd_Season
331,https://myanimelist.net/anime/372/Cardcaptor_Sakura_Movie_2__Fuuin_Sareta_Card
332,https://myanimelist.net/anime/42897/Horimiya
333,https://myanimelist.net/anime/45577/IDOLiSH7__Third_Beat
334,https://myanimelist.net/anime/6811/InuYasha__Kanketsu-hen
335,https://myanimelist.net/anime/25681/Kamisama_Hajimemashita◎
336,https://myanimelist.net/anime/37171/Asobi_Asobase
337,https://myanimelist.net/anime/7674/Bakuman
338,https://myanimelist.net/anime/34636/Ballroom_e_Youkoso
339,https://myanimelist.net/anime/10800/Chihayafuru
340,https://myanimelist.net/anime/25537/Fate_stay_night_Movie__Heavens_Feel_-_I_Presage_Flower
341,https://myanimelist.net/anime/22297/Fate_stay_night__Unlimited_Blade_Works
342,https://myanimelist.net/anime/18617/Girls___Panzer_Movie
343,https://myanimelist.net/anime/1889/Higurashi_no_Naku_Koro_ni_Kai
344,https://myanimelist.net/anime/138/Hunter_x_Hunter__Greed_Island
345,https://myanimelist.net/anime/34537/Yoru_wa_Mijikashi_Arukeyo_Otome
346,https://myanimelist.net/anime/18195/Little_Busters__Refrain
347,https://myanimelist.net/anime/35677/Liz_to_Aoi_Tori
348,https://myanimelist.net/anime/1453/Maison_Ikkoku
349,https://myanimelist.net/anime/19123/One_Piece__Episode_of_Merry_-_Mou_Hitori_no_Nakama_no_Monogatari
350,https://myanimelist.net/anime/4921/Ramayana__The_Legend_of_Prince_Rama
351,https://myanimelist.net/anime/32843/Senki_Zesshou_Symphogear_XV
352,https://myanimelist.net/anime/440/Shoujo_Kakumei_Utena
353,https://myanimelist.net/anime/38481/Toaru_Kagaku_no_Railgun_T
354,https://myanimelist.net/anime/23623/Non_Non_Biyori_Repeat
355,https://myanimelist.net/anime/1519/Black_Lagoon__The_Second_Barrage
356,https://myanimelist.net/anime/40852/Dr_Stone__Stone_Wars
357,https://myanimelist.net/anime/39166/Girls___Panzer__Saishuushou_Part_3
358,https://myanimelist.net/anime/51096/Youkoso_Jitsuryoku_Shijou_Shugi_no_Kyoushitsu_e_2nd_Season
359,https://myanimelist.net/anime/28171/Shokugeki_no_Souma
360,https://myanimelist.net/anime/962/Aria_the_Natural
361,https://myanimelist.net/anime/32005/Detective_Conan_Movie_20__The_Darkest_Nightmare
362,https://myanimelist.net/anime/38088/Digimon_Adventure__Last_Evolution_Kizuna
363,https://myanimelist.net/anime/41361/Eiga_Daisuki_Pompo-san_Movie
364,https://myanimelist.net/anime/35111/Haikyuu_Movie_4__Concept_no_Tatakai
365,https://myanimelist.net/anime/7791/K-On
366,https://myanimelist.net/anime/28223/Death_Parade
367,https://myanimelist.net/anime/235/Detective_Conan
368,https://myanimelist.net/anime/50325/Kaguya-sama_wa_Kokurasetai__Ultra_Romantic_Teaser_PV_-_Ishigami_Yuu_wa_Kataritai
369,https://myanimelist.net/anime/28675/Kyoukai_no_Kanata_Movie_2__Ill_Be_Here_-_Mirai-hen
370,https://myanimelist.net/anime/9890/Major__Message
371,https://myanimelist.net/anime/30503/Noragami_Aragoto
372,https://myanimelist.net/anime/853/Ouran_Koukou_Host_Club
373,https://myanimelist.net/anime/4107/Tengen_Toppa_Gurren_Lagann_Movie_1__Gurren-hen
374,https://myanimelist.net/anime/31715/Working__Lord_of_the_Takanashi
375,https://myanimelist.net/anime/1430/Lupin_III__Cagliostro_no_Shiro
376,https://myanimelist.net/anime/37514/Made_in_Abyss_Movie_1__Tabidachi_no_Yoake
377,https://myanimelist.net/anime/11597/Nisemonogatari
378,https://myanimelist.net/anime/49521/Non_Non_Biyori_Nonstop__Bukatsu_wo_Ganbatta
379,https://myanimelist.net/anime/12859/One_Piece_Film__Z
380,https://myanimelist.net/anime/40911/Yuukoku_no_Moriarty
381,https://myanimelist.net/anime/47/Akira
382,https://myanimelist.net/anime/232/Cardcaptor_Sakura
383,https://myanimelist.net/anime/813/Dragon_Ball_Z
384,https://myanimelist.net/anime/239/Gankutsuou
385,https://myanimelist.net/anime/40421/Given_Movie
386,https://myanimelist.net/anime/49053/Given__Uragawa_no_Sonzai
387,https://myanimelist.net/anime/36296/Hinamatsuri_TV
388,https://myanimelist.net/anime/18/Initial_D_Fourth_Stage
389,https://myanimelist.net/anime/186/Initial_D_Second_Stage
390,https://myanimelist.net/anime/33323/Kamisama_Hajimemashita__Kamisama_Shiawase_ni_Naru
391,https://myanimelist.net/anime/33486/Boku_no_Hero_Academia_2nd_Season
392,https://myanimelist.net/anime/36946/Dragon_Ball_Super__Broly
393,https://myanimelist.net/anime/39792/Eizouken_ni_wa_Te_wo_Dasu_na
394,https://myanimelist.net/anime/37962/IDOLiSH7__Second_Beat
395,https://myanimelist.net/anime/3701/Kaiba
396,https://myanimelist.net/anime/1604/Katekyo_Hitman_Reborn
397,https://myanimelist.net/anime/50631/Komi-san_wa_Comyushou_desu_2nd_Season
398,https://myanimelist.net/anime/35857/Lupin_III__Part_5
399,https://myanimelist.net/anime/4477/Nodame_Cantabile__Paris-hen
400,https://myanimelist.net/anime/1827/Seirei_no_Moribito
401,https://myanimelist.net/anime/10153/Mahou_Shoujo_Lyrical_Nanoha__The_Movie_2nd_As
402,https://myanimelist.net/anime/42894/Natsume_Yuujinchou__Ishi_Okoshi_to_Ayashiki_Raihousha
403,https://myanimelist.net/anime/37430/Tensei_shitara_Slime_Datta_Ken
404,https://myanimelist.net/anime/2236/Toki_wo_Kakeru_Shoujo
405,https://myanimelist.net/anime/34572/Black_Clover
406,https://myanimelist.net/anime/3371/Ginga_Eiyuu_Densetsu_Gaiden
407,https://myanimelist.net/anime/36370/Ginga_Eiyuu_Densetsu__Die_Neue_These_-_Seiran_2
408,https://myanimelist.net/anime/731/Interstella5555__The_5tory_of_The_5ecret_5tar_5ystem
409,https://myanimelist.net/anime/35608/Chuunibyou_demo_Koi_ga_Shitai_Movie__Take_On_Me
410,https://myanimelist.net/anime/1364/Detective_Conan_Movie_05__Countdown_to_Heaven
411,https://myanimelist.net/anime/6467/Detective_Conan_Movie_14__The_Lost_Ship_in_the_Sky
412,https://myanimelist.net/anime/6746/Durarara
413,https://myanimelist.net/anime/121/Fullmetal_Alchemist
414,https://myanimelist.net/anime/35110/Haikyuu_Movie_3__Sainou_to_Sense
415,https://myanimelist.net/anime/40815/Honzuki_no_Gekokujou__Shisho_ni_Naru_Tame_ni_wa_Shudan_wo_Erandeiraremasen_2nd_Season
416,https://myanimelist.net/anime/30831/Kono_Subarashii_Sekai_ni_Shukufuku_wo
417,https://myanimelist.net/anime/8129/Kuragehime
418,https://myanimelist.net/anime/2581/Mobile_Suit_Gundam_00
419,https://myanimelist.net/anime/39592/Mobile_Suit_Gundam__The_Origin_-_Advent_of_the_Red_Comet
420,https://myanimelist.net/anime/15323/One_Piece__Episode_of_Nami_-_Koukaishi_no_Namida_to_Nakama_no_Kizuna
421,https://myanimelist.net/anime/721/Princess_Tutu
422,https://myanimelist.net/anime/44931/Tonikaku_Kawaii__SNS
423,https://myanimelist.net/anime/32902/Mahoutsukai_no_Yome__Hoshi_Matsu_Hito
424,https://myanimelist.net/anime/40435/Mo_Dao_Zu_Shi_Q
425,https://myanimelist.net/anime/6336/Mobile_Suit_Gundam_Unicorn
426,https://myanimelist.net/anime/40542/Saiki_Kusuo_no_Ψ-nan__Ψ-shidou-hen
427,https://myanimelist.net/anime/39783/5-toubun_no_Hanayome_∬
428,https://myanimelist.net/anime/3702/Detroit_Metal_City
429,https://myanimelist.net/anime/18689/Diamond_no_Ace
430,https://myanimelist.net/anime/25313/Gintama__Futon_ni_Haitte_kara_Buki_Nokoshi_ni_Kizuite_Neru_ni_Nerenai_Toki_mo_Aru
431,https://myanimelist.net/anime/32122/Gintama°__Umai-mono_wa_Atomawashi_ni_Suru_to_Yokodorisareru_kara_Yappari_Saki_ni_Kue
432,https://myanimelist.net/anime/1566/Koukaku_Kidoutai__Stand_Alone_Complex_-_Solid_State_Society
433,https://myanimelist.net/anime/30370/Akatsuki_no_Yona_OVA
434,https://myanimelist.net/anime/3901/Baccano_Specials
435,https://myanimelist.net/anime/20899/JoJo_no_Kimyou_na_Bouken_Part_3__Stardust_Crusaders
436,https://myanimelist.net/anime/16662/Kaze_Tachinu
437,https://myanimelist.net/anime/31051/Kuroko_no_Basket__Saikou_no_Present_Desu
438,https://myanimelist.net/anime/19815/No_Game_No_Life
439,https://myanimelist.net/anime/4155/One_Piece_Film__Strong_World
440,https://myanimelist.net/anime/13759/Sakura-sou_no_Pet_na_Kanojo
441,https://myanimelist.net/anime/32282/Shokugeki_no_Souma__Ni_no_Sara
442,https://myanimelist.net/anime/29831/Tamayura__Sotsugyou_Shashin_Part_4_-_Ashita
443,https://myanimelist.net/anime/4224/Toradora
444,https://myanimelist.net/anime/4938/Tsubasa__Shunraiki
445,https://myanimelist.net/anime/28025/Tsukimonogatari
446,https://myanimelist.net/anime/34076/Uchouten_Kazoku_2
447,https://myanimelist.net/anime/23283/Zankyou_no_Terror
448,https://myanimelist.net/anime/24833/Ansatsu_Kyoushitsu
449,https://myanimelist.net/anime/16918/Gin_no_Saji
450,https://myanimelist.net/anime/3016/Ginga_Eiyuu_Densetsu__Arata_naru_Tatakai_no_Overture
451,https://myanimelist.net/anime/12069/Hajime_no_Ippo__Boxer_no_Kobushi
452,https://myanimelist.net/anime/42429/Honzuki_no_Gekokujou__Shisho_ni_Naru_Tame_ni_wa_Shudan_wo_Erandeiraremasen_3rd_Season
453,https://myanimelist.net/anime/12189/Hyouka
454,https://myanimelist.net/anime/39198/Kanata_no_Astra
455,https://myanimelist.net/anime/50203/Love_Live_Superstar_2nd_Season
456,https://myanimelist.net/anime/302/Mirai_Shounen_Conan
457,https://myanimelist.net/anime/3927/Mobile_Suit_Gundam_00_Second_Season
458,https://myanimelist.net/anime/40080/Quanzhi_Gaoshou__Dianfeng_Rongyao
459,https://myanimelist.net/anime/9130/Saint_Seiya__The_Lost_Canvas_-_Meiou_Shinwa_2
460,https://myanimelist.net/anime/4722/Skip_Beat
461,https://myanimelist.net/anime/21469/Stand_By_Me_Doraemon
462,https://myanimelist.net/anime/42249/Tokyo_Revengers
463,https://myanimelist.net/anime/34822/Tsuki_ga_Kirei
464,https://myanimelist.net/anime/40907/World_Trigger_2nd_Season
465,https://myanimelist.net/anime/24277/Yowamushi_Pedal__Grande_Road
466,https://myanimelist.net/anime/10534/Doraemon_Movie_31__Shin_Nobita_to_Tetsujin_Heidan_-_Habatake_Tenshi-tachi
467,https://myanimelist.net/anime/2951/Gintama__Nanigoto_mo_Saiyo_ga_Kanjin_nano_de_Tasho_Senobisuru_Kurai_ga_Choudoyoi
468,https://myanimelist.net/anime/135/Hikaru_no_Go
469,https://myanimelist.net/anime/15059/Initial_D_Fifth_Stage
470,https://myanimelist.net/anime/14713/Kamisama_Hajimemashita
471,https://myanimelist.net/anime/38993/Karakai_Jouzu_no_Takagi-san_2
472,https://myanimelist.net/anime/31658/Kuroko_no_Basket_Movie_4__Last_Game
473,https://myanimelist.net/anime/6547/Angel_Beats
474,https://myanimelist.net/anime/36456/Boku_no_Hero_Academia_3rd_Season
475,https://myanimelist.net/anime/2025/Darker_than_Black__Kuro_no_Keiyakusha
476,https://myanimelist.net/anime/1367/Detective_Conan_Movie_08__Magician_of_the_Silver_Sky
477,https://myanimelist.net/anime/21419/Detective_Conan_Movie_18__The_Sniper_from_Another_Dimension
478,https://myanimelist.net/anime/27833/Durararax2_Ketsu
479,https://myanimelist.net/anime/10643/Gintama__Dai_Hanseikai
480,https://myanimelist.net/anime/38081/Girls___Panzer__Saishuushou_Part_2
481,https://myanimelist.net/anime/2449/Koukaku_Kidoutai__Stand_Alone_Complex_-_The_Laughing_Man
482,https://myanimelist.net/anime/11771/Kuroko_no_Basket
483,https://myanimelist.net/anime/22145/Kuroshitsuji__Book_of_Circus
484,https://myanimelist.net/anime/23317/Kuroshitsuji__Book_of_Murder
485,https://myanimelist.net/anime/35062/Mahoutsukai_no_Yome
486,https://myanimelist.net/anime/41402/Mairimashita_Iruma-kun_2nd_Season
487,https://myanimelist.net/anime/339/Serial_Experiments_Lain
488,https://myanimelist.net/anime/1382/Yuusha-Ou_GaoGaiGar_Final
489,https://myanimelist.net/anime/1471/City_Hunter_2
490,https://myanimelist.net/anime/38668/Dorohedoro
491,https://myanimelist.net/anime/3665/Ginga_Eiyuu_Densetsu_Gaiden_1999
492,https://myanimelist.net/anime/1974/Glass_no_Kamen_2005
493,https://myanimelist.net/anime/8425/Gosick
494,https://myanimelist.net/anime/17739/Hidamari_Sketch__Sae_Hiro_Sotsugyou-hen
495,https://myanimelist.net/anime/237/Koukyoushihen_Eureka_Seven
496,https://myanimelist.net/anime/21557/Omoide_no_Marnie
497,https://myanimelist.net/anime/1559/Shijou_Saikyou_no_Deshi_Kenichi
498,https://myanimelist.net/anime/4918/xxxHOLiC__Shunmuki
499,https://myanimelist.net/anime/50346/Yofukashi_no_Uta
500,https://myanimelist.net/anime/2164/Dennou_Coil
